Workbook

Sheet plutooutput_1
A1: WS | B1: fuel | C1: fcrew | D1: ccrew | E1: total | F1: WS | G1: fuel | H1: fcrew | I1: ccrew | J1: total
A2: 1 | B2: NaN | C2: NaN | D2: NaN | E2: NaN | F2: 1 | G2: NaN | H2: NaN | I2: 70606690 | J2: NaN
A3: 8.006006 | B3: NaN | C3: NaN | D3: NaN | E3: NaN | F3: 8.006006 | G3: NaN | H3: NaN | I3: 277199.75 | J3: NaN
A4: 15.012012 | B4: NaN | C4: NaN | D4: NaN | E4: NaN | F4: 15.012012 | G4: NaN | H4: NaN | I4: 143046.22 | J4: NaN
A5: 22.018018 | B5: NaN | C5: NaN | D5: NaN | E5: NaN | F5: 22.018018 | G5: NaN | H5: NaN | I5: 105208.95 | J5: NaN
A6: 29.024024 | B6: NaN | C6: NaN | D6: NaN | E6: NaN | F6: 29.024024 | G6: NaN | H6: NaN | I6: 86585.221 | J6: NaN
A7: 36.03003 | B7: NaN | C7: NaN | D7: NaN | E7: NaN | F7: 36.03003 | G7: NaN | H7: NaN | I7: 75164.994 | J7: NaN
A8: 43.036036 | B8: NaN | C8: NaN | D8: NaN | E8: NaN | F8: 43.036036 | G8: NaN | H8: NaN | I8: 67293.758 | J8: NaN
A9: 50.042042 | B9: NaN | C9: NaN | D9: NaN | E9: NaN | F9: 50.042042 | G9: NaN | H9: NaN | I9: 61462.355 | J9: NaN
A10: 57.048048 | B10: NaN | C10: NaN | D10: NaN | E10: NaN | F10: 57.048048 | G10: NaN | H10: NaN | I10: 56925.537 | J10: NaN
A11: 64.054054 | B11: NaN | C11: NaN | D11: NaN | E11: NaN | F11: 64.054054 | G11: NaN | H11: NaN | I11: 53269.113 | J11: NaN
A12: 71.06006 | B12: NaN | C12: NaN | D12: NaN | E12: NaN | F12: 71.06006 | G12: NaN | H12: NaN | I12: 50242.687 | J12: NaN
A13: 78.066066 | B13: NaN | C13: NaN | D13: NaN | E13: NaN | F13: 78.066066 | G13: NaN | H13: NaN | I13: 47685.037 | J13: NaN
... A131: 904.77477 | B131: NaN | C131: NaN | D131: NaN | E131: NaN | F131: 904.77477 | G131: NaN | H131: NaN | I131: 14207.949 | J131: NaN
A132: 911.78078 | B132: NaN | C132: NaN | D132: NaN | E132: NaN | F132: 911.78078 | G132: 131527.95 | H132: 22577.599 | I132: 14158.813 | J132: 278167.97
A133: 918.78679 | B133: 131123.92 | C133: 21579.444 | D133: 13538.495 | E133: 271513.07 | F133: 918.78679 | G133: 128733.61 | H133: 22434.037 | I133: 14110.249 | J133: 273501.35 | K133: =E133-J133 -> -1988.277 | L133: =K133/J133*100 -> -0.72697157
A134: 925.79279 | B134: 128265.75 | C134: 21459.786 | D134: 13504.067 | E134: 266942.45 | F134: 925.79279 | G134: 126050.16 | H134: 22294.376 | I134: 14062.248 | J134: 269000.76 | K134: =E134-J134 -> -2058.3103 | L134: =K134/J134*100 -> -0.76516894
A135: 932.7988 | B135: 125716.06 | C135: 21311.299 | D135: 13446.83 | E135: 262604.76 | F135: 932.7988 | G135: 123471.59 | H135: 22158.429 | I135: 14014.799 | J135: 264657.8 | K135: =E135-J135 -> -2053.0379 | L135: =K135/J135*100 -> -0.77573301
A136: 939.8048 | B136: 123289.63 | C136: 21161.118 | D136: 13386.513 | E136: 258417.65 | F136: 939.8048 | G136: 120992.28 | H136: 22026.02 | I136: 13967.89 | J136: 260464.6 | K136: =E136-J136 -> -2046.9584 | L136: =K136/J136*100 -> -0.78588737
A137: 946.81081 | B137: 120933.15 | C137: 21019.635 | D137: 13330.413 | E137: 254373.53 | F137: 946.81081 | G137: 118606.97 | H137: 21896.987 | I137: 13921.512 | J137: 256413.81 | K137: =E137-J137 -> -2040.2751 | L137: =K137/J137*100 -> -0.79569627
A138: 953.81682 | B138: 118481.38 | C138: 20912.346 | D138: 13297.203 | E138: 250396.82 | F138: 953.81682 | G138: 116310.79 | H138: 21771.177 | I138: 13875.656 | J138: 252498.51 | K138: =E138-J138 -> -2101.687 | L138: =K138/J138*100 -> -0.83235619
A139: 960.82282 | B139: 116322.61 | C139: 20771.749 | D139: 13238.426 | E139: 246616.37 | F139: 960.82282 | G139: 114099.13 | H139: 21648.446 | I139: 13830.31 | J139: 248712.22 | K139: =E139-J139 -> -2095.8518 | L139: =K139/J139*100 -> -0.84268146
A140: 967.82883 | B140: 114221.17 | C140: 20639.237 | D140: 13183.729 | E140: 242959.08 | F140: 967.82883 | G140: 111967.72 | H140: 21528.659 | I140: 13785.467 | J140: 245048.86 | K140: =E140-J140 -> -2089.7833 | L140: =K140/J140*100 -> -0.85280269
A141: 974.83483 | B141: 112217.5 | C141: 20504.622 | D141: 13126.099 | E141: 239419.58 | F141: 974.83483 | G141: 109912.54 | H141: 21411.69 | I141: 13741.116 | J141: 241502.71 | K141: =E141-J141 -> -2083.13 | L141: =K141/J141*100 -> -0.86257003
A142: 981.84084 | B142: 110073.85 | C142: 20412.52 | D142: 13097.502 | E142: 235931.13 | F142: 981.84084 | G142: 107929.82 | H142: 21297.418 | I142: 13697.249 | J142: 238068.36 | K142: =E142-J142 -> -2137.2327 | L142: =K142/J142*100 -> -0.89773906
A143: 988.84685 | B143: 108211.91 | C143: 20283.003 | D143: 13040.741 | E143: 232609.15 | F143: 988.84685 | G143: 106016.03 | H143: 21185.731 | I143: 13653.857 | J143: 234740.76 | K143: =E143-J143 -> -2131.6167 | L143: =K143/J143*100 -> -0.90807265
A144: 995.85285 | B144: 106415.04 | C144: 20156.124 | D144: 12984.549 | E144: 229390.07 | F144: 995.85285 | G144: 104167.84 | H144: 21076.525 | I144: 13610.932 | J144: 231515.12 | K144: =E144-J144 -> -2125.0521 | L144: =K144/J144*100 -> -0.9178891
... A1001: 7000 | B1001: 10931.442 | C1001: 8712.0325 | D1001: 6290.9131 | E1001: 36442.74 | F1001: 7000 | G1001: 10903.663 | H1001: 8536.1057 | I1001: 6164.1083 | J1001: 35904.52 | K1001: =E1001-J1001 -> 538.22024 | L1001: =K1001/J1001*100 -> 1.499032

Sheet Sheet1
A1: =plutooutput_1!A133 -> 918.78679 | B1: =plutooutput_1!K133 -> -1988.277 | C1: =plutooutput_1!L133 -> -0.72697157
A2: =plutooutput_1!A134 -> 925.79279 | B2: =plutooutput_1!K134 -> -2058.3103 | C2: =plutooutput_1!L134 -> -0.76516894
A3: =plutooutput_1!A135 -> 932.7988 | B3: =plutooutput_1!K135 -> -2053.0379 | C3: =plutooutput_1!L135 -> -0.77573301
A4: =plutooutput_1!A136 -> 939.8048 | B4: =plutooutput_1!K136 -> -2046.9584 | C4: =plutooutput_1!L136 -> -0.78588737
A5: =plutooutput_1!A137 -> 946.81081 | B5: =plutooutput_1!K137 -> -2040.2751 | C5: =plutooutput_1!L137 -> -0.79569627
A6: =plutooutput_1!A138 -> 953.81682 | B6: =plutooutput_1!K138 -> -2101.687 | C6: =plutooutput_1!L138 -> -0.83235619
A7: =plutooutput_1!A139 -> 960.82282 | B7: =plutooutput_1!K139 -> -2095.8518 | C7: =plutooutput_1!L139 -> -0.84268146
A8: =plutooutput_1!A140 -> 967.82883 | B8: =plutooutput_1!K140 -> -2089.7833 | C8: =plutooutput_1!L140 -> -0.85280269
A9: =plutooutput_1!A141 -> 974.83483 | B9: =plutooutput_1!K141 -> -2083.13 | C9: =plutooutput_1!L141 -> -0.86257003
A10: =plutooutput_1!A142 -> 981.84084 | B10: =plutooutput_1!K142 -> -2137.2327 | C10: =plutooutput_1!L142 -> -0.89773906
A11: =plutooutput_1!A143 -> 988.84685 | B11: =plutooutput_1!K143 -> -2131.6167 | C11: =plutooutput_1!L143 -> -0.90807265
A12: =plutooutput_1!A144 -> 995.85285 | B12: =plutooutput_1!K144 -> -2125.0521 | C12: =plutooutput_1!L144 -> -0.9178891
... A1069: =plutooutput_1!A1201 -> 0 | B1069: =plutooutput_1!K1201 -> 0 | C1069: =plutooutput_1!L1201 -> 0
